timestamp,solar_kw,load_kw,soc,batt_temp,grid_import_kw,grid_voltage,grid_freq,price,grid_status,attack_active,solar_fc_1h,load_fc_1h,hour
2026-03-05 13:19:02.660000+00:00,0.0,0.2,0.1996,28.5,-5.902,234.3,50.01,7.0,1,0,0.0,12.425,13.0
2026-03-05 13:19:07.660000+00:00,0.063,0.2,0.1995,28.5,-0.017,234.3,50.0,7.0,1,0,0.0,12.448,13.0
2026-03-05 13:19:12.660000+00:00,0.0,22.22,0.1983,28.5,-2.621,234.2,50.0,7.0,1,0,0.0,11.351,13.0
2026-03-05 13:19:17.660000+00:00,0.0,22.119,0.1953,28.5,-4.555,234.3,50.0,7.0,1,0,0.0,12.808,13.0
2026-03-05 13:19:22.660000+00:00,0.0,16.604,0.1914,28.5,-7.037,234.1,50.0,7.0,1,0,0.0,12.902,13.0
2026-03-05 13:19:27.660000+00:00,0.0,17.144,0.1897,28.5,-6.885,234.2,50.0,7.0,1,0,0.0,13.88,13.0
2026-03-05 13:19:32.660000+00:00,0.0,17.084,0.188,28.5,-6.919,234.2,50.0,7.0,1,0,0.0,15.008,13.0
2026-03-05 13:19:37.660000+00:00,0.0,17.48,0.1864,28.5,-6.881,234.2,50.0,7.0,1,0,0.0,14.941,13.0
2026-03-05 13:19:42.660000+00:00,0.0,13.21,0.1844,28.5,-7.628,234.3,50.0,7.0,1,0,0.0,12.846,13.0
2026-03-05 13:19:47.660000+00:00,0.0,13.695,0.1844,28.5,-7.213,234.2,50.0,7.0,1,0,0.0,12.862,13.0
2026-03-05 13:19:52.660000+00:00,0.0,13.633,0.1845,28.5,-6.741,234.1,50.0,7.0,1,0,0.0,15.463,13.0
2026-03-05 13:19:57.660000+00:00,0.0,12.498,0.1847,28.5,-6.943,234.0,49.99,7.0,1,0,0.0,10.683,13.0
2026-03-05 13:20:02.660000+00:00,0.0,12.425,0.1868,28.5,-2.001,234.2,49.99,7.0,1,0,0.0,10.699,13.0
2026-03-05 13:20:07.660000+00:00,0.0,12.448,0.1866,28.5,-6.265,234.3,49.98,7.0,1,0,0.0,10.241,13.0
2026-03-05 13:20:12.660000+00:00,0.0,11.351,0.186,28.5,-7.348,233.9,49.98,7.0,1,0,0.0,17.842,13.0
2026-03-05 13:20:17.660000+00:00,0.0,12.808,0.1897,28.5,2.37,234.0,49.98,7.0,1,0,0.0,17.827,13.0
2026-03-05 13:20:22.660000+00:00,0.0,12.902,0.1887,28.5,-6.246,234.1,49.98,7.0,1,0,0.0,17.916,13.0
2026-03-05 13:20:27.660000+00:00,0.0,13.88,0.1867,28.5,-4.719,234.1,49.98,7.0,1,0,0.0,10.764,13.0
2026-03-05 13:20:32.660000+00:00,0.0,15.008,0.1838,28.5,-10.279,234.0,49.98,7.0,1,0,0.0,10.752,13.0
2026-03-05 13:20:37.660000+00:00,0.0,14.941,0.1808,28.5,-6.723,234.1,49.97,7.0,1,0,0.0,18.236,13.0
2026-03-05 13:20:42.660000+00:00,0.0,12.846,0.18,28.5,-4.841,234.1,49.98,7.0,1,0,0.0,18.095,13.0
2026-03-05 13:20:47.660000+00:00,0.0,12.862,0.1782,28.5,-6.691,234.1,49.98,7.0,1,0,0.0,18.017,13.0
2026-03-05 13:20:52.660000+00:00,0.0,15.463,0.1768,28.5,-6.79,234.1,49.97,7.0,1,0,0.0,15.888,13.0
2026-03-05 13:20:57.660000+00:00,0.0,10.683,0.1767,28.5,-5.032,234.0,49.97,7.0,1,0,0.0,14.77,13.0
2026-03-05 13:21:02.660000+00:00,0.0,10.699,0.1755,28.5,-6.787,234.1,49.96,7.0,1,0,0.0,16.346,13.0
2026-03-05 13:21:07.660000+00:00,0.0,10.241,0.1716,28.5,-7.014,234.1,49.97,7.0,1,0,0.0,16.145,13.0
2026-03-05 13:21:12.660000+00:00,0.0,17.842,0.1689,28.5,-1.26,234.0,49.97,7.0,1,0,0.0,14.272,13.0
2026-03-05 13:21:17.660000+00:00,0.0,17.827,0.1658,28.5,-1.896,234.0,49.97,7.0,1,0,0.0,13.794,13.0
2026-03-05 13:21:22.660000+00:00,0.0,17.916,0.1634,28.5,-4.159,234.1,49.97,7.0,1,0,0.0,13.746,13.0
2026-03-05 13:21:27.660000+00:00,0.0,10.764,0.1575,28.5,-7.847,234.2,49.97,7.0,1,0,0.0,14.008,13.0
2026-03-05 13:21:32.660000+00:00,0.0,10.752,0.1553,28.5,-7.248,234.1,49.97,7.0,1,0,0.0,16.326,13.0
2026-03-05 13:21:37.660000+00:00,0.0,18.236,0.1526,28.5,-0.927,234.1,49.97,7.0,1,0,0.0,16.366,13.0
2026-03-05 13:21:42.660000+00:00,0.0,18.095,0.147,28.5,-2.408,234.1,49.97,7.0,1,0,0.0,8.074,13.0
2026-03-05 13:21:47.660000+00:00,0.0,18.017,0.1438,28.5,-2.46,234.3,49.97,7.0,1,0,0.0,10.62,13.0
2026-03-05 13:21:52.660000+00:00,0.0,15.888,0.1406,28.5,-4.604,234.2,49.97,7.0,1,0,0.0,10.687,13.0
2026-03-05 13:21:57.660000+00:00,0.0,14.77,0.1374,28.5,-6.608,234.2,49.96,7.0,1,0,0.0,16.769,13.0
2026-03-05 13:22:02.660000+00:00,0.0,16.346,0.1312,28.5,-15.988,234.0,49.96,7.0,1,0,0.0,17.363,13.0
2026-03-05 13:22:07.660000+00:00,0.0,16.145,0.1307,28.5,-10.127,234.1,49.96,7.0,1,0,0.0,17.338,13.0
2026-03-05 13:22:12.660000+00:00,0.0,14.272,0.1309,28.5,-6.34,234.2,49.96,7.0,1,0,0.0,13.678,13.0
2026-03-05 13:22:17.660000+00:00,0.0,13.794,0.1279,28.5,-8.803,234.2,49.96,7.0,1,0,0.0,13.651,13.0
2026-03-05 13:22:22.660000+00:00,0.0,13.746,0.1264,28.5,-7.131,234.1,49.97,7.0,1,0,0.0,13.787,13.0
2026-03-05 13:22:27.660000+00:00,0.0,14.008,0.1253,28.5,-15.412,234.0,49.97,7.0,1,0,0.0,17.213,13.0
2026-03-05 13:22:32.660000+00:00,0.0,16.326,0.1285,28.5,-4.013,234.0,49.97,7.0,1,0,0.0,17.201,13.0
2026-03-05 13:22:37.660000+00:00,0.0,16.366,0.1298,28.5,-6.112,234.0,49.97,7.0,1,0,0.0,17.137,13.0
2026-03-05 13:22:42.660000+00:00,0.0,8.074,0.1307,28.5,-11.705,234.1,49.96,7.0,1,0,0.0,15.996,13.0
2026-03-05 13:22:47.660000+00:00,0.0,10.62,0.135,28.5,1.186,233.8,49.96,7.0,1,0,0.0,15.974,13.0
2026-03-05 13:22:52.660000+00:00,0.0,10.687,0.1343,28.5,-6.247,233.9,49.96,7.0,1,0,0.0,14.145,13.0
2026-03-05 13:22:57.660000+00:00,0.0,16.769,0.1333,28.5,-1.941,233.9,49.96,7.0,1,0,0.0,14.086,13.0
2026-03-05 13:23:02.660000+00:00,0.0,17.363,0.1297,28.5,-6.487,234.0,49.97,7.0,1,0,0.0,14.11,13.0
2026-03-05 13:23:07.660000+00:00,0.0,17.338,0.1242,28.5,-6.562,234.0,49.97,7.0,1,0,0.0,10.598,13.0
2026-03-05 13:23:12.660000+00:00,0.0,13.678,0.1211,28.5,-8.226,234.0,49.97,7.0,1,0,0.0,18.275,13.0
2026-03-05 13:23:17.660000+00:00,0.0,13.651,0.1191,28.5,-7.3,234.0,49.97,7.0,1,0,0.0,18.257,13.0
2026-03-05 13:23:22.660000+00:00,0.0,13.787,0.1185,28.5,-7.066,233.9,49.96,7.0,1,0,0.0,12.598,13.0
2026-03-05 13:23:27.660000+00:00,0.0,17.213,0.1195,28.5,-2.472,233.8,49.96,7.0,1,0,0.0,14.079,13.0
2026-03-05 13:23:32.660000+00:00,0.0,17.201,0.1182,28.5,-6.586,233.8,49.97,7.0,1,0,0.0,12.202,13.0
2026-03-05 13:23:37.660000+00:00,0.0,17.137,0.1138,28.5,0.723,233.9,49.96,7.0,1,0,0.0,12.517,13.0
2026-03-05 13:23:42.660000+00:00,0.0,15.996,0.111,28.5,-10.569,233.9,49.96,7.0,1,0,0.0,14.308,13.0
2026-03-05 13:23:47.660000+00:00,0.0,15.974,0.109,28.5,-9.447,234.0,49.96,7.0,1,0,0.0,13.163,13.0
2026-03-05 13:23:52.660000+00:00,0.0,14.145,0.1073,28.5,-6.904,234.0,49.97,7.0,1,0,0.0,13.146,13.0
2026-03-05 13:23:57.660000+00:00,0.0,14.086,0.1047,28.5,-5.36,233.8,49.97,7.0,1,0,0.0,10.508,13.0
2026-03-05 13:24:02.660000+00:00,0.0,14.11,0.1017,28.5,-6.848,234.0,49.97,7.0,1,0,0.0,6.365,13.0
2026-03-05 13:24:07.660000+00:00,0.0,10.598,0.0986,28.5,-7.177,234.0,49.95,7.0,1,0,0.0,6.368,13.0
2026-03-05 13:24:12.660000+00:00,0.0,18.275,0.0932,28.5,-3.372,233.9,49.95,7.0,1,0,0.0,15.417,13.0
2026-03-05 13:24:17.660000+00:00,0.0,18.257,0.09,28.5,-3.551,233.9,49.95,7.0,1,0,0.0,16.04,13.0
2026-03-05 13:24:22.660000+00:00,0.0,12.598,0.0872,28.5,-7.521,234.0,49.95,7.0,1,0,0.0,15.95,13.0
2026-03-05 13:24:27.660000+00:00,0.0,14.079,0.0837,28.5,-4.776,234.0,49.95,7.0,1,0,0.0,16.663,13.0
2026-03-05 13:24:32.660000+00:00,0.0,12.202,0.0805,28.5,-5.46,233.9,49.95,7.0,1,0,0.0,20.646,13.0
2026-03-05 13:24:37.660000+00:00,0.0,12.517,0.0774,28.5,-6.938,234.0,49.95,7.0,1,0,0.0,20.528,13.0
2026-03-05 13:24:42.660000+00:00,0.0,14.308,0.0743,28.5,-15.098,233.9,49.95,7.0,1,0,0.0,17.045,13.0
2026-03-05 13:24:47.660000+00:00,0.0,13.163,0.0742,28.5,-7.412,233.9,49.95,7.0,1,0,0.0,16.967,13.0
2026-03-05 13:24:52.660000+00:00,0.0,13.146,0.0748,28.5,-6.742,233.9,49.95,7.0,1,0,0.0,18.408,13.0
2026-03-05 13:24:57.660000+00:00,0.0,10.508,0.0753,28.5,3.162,234.0,49.95,7.0,1,0,0.0,10.468,13.0
2026-03-05 13:25:02.660000+00:00,0.0,6.365,0.0707,28.5,-7.076,233.9,49.94,7.0,1,0,0.0,10.383,13.0
2026-03-05 13:25:07.660000+00:00,0.0,6.368,0.0677,28.5,-6.705,233.9,49.94,7.0,1,0,0.0,12.251,13.0
2026-03-05 13:25:12.660000+00:00,0.0,15.417,0.0648,28.5,2.563,233.9,49.94,7.0,1,0,0.0,19.879,13.0
2026-03-05 13:25:17.660000+00:00,0.0,16.04,0.0616,28.5,0.648,233.9,49.94,7.0,1,0,0.0,19.822,13.0
2026-03-05 13:25:22.660000+00:00,0.0,15.95,0.0552,28.5,0.575,233.8,49.94,7.0,1,0,0.0,6.944,13.0
2026-03-05 13:25:27.660000+00:00,0.0,16.663,0.0528,28.5,-1.118,233.9,49.95,7.0,1,0,0.0,9.087,13.0
2026-03-05 13:25:32.660000+00:00,0.0,20.646,0.05,28.5,-8.674,234.0,49.95,7.0,1,0,0.0,9.088,13.0
2026-03-05 13:25:37.660000+00:00,0.0,20.528,0.05,28.5,-8.786,233.9,49.95,7.0,1,0,0.0,14.983,13.0
2026-03-05 13:25:42.660000+00:00,0.0,17.045,0.05,28.5,-11.302,233.7,49.94,7.0,1,0,0.0,8.597,13.0
2026-03-05 13:25:47.660000+00:00,0.0,16.967,0.05,28.5,-6.871,233.8,49.94,7.0,1,0,0.0,17.897,13.0
2026-03-05 13:25:52.660000+00:00,0.0,18.408,0.05,28.5,-5.558,234.0,49.94,7.0,1,0,0.0,18.043,13.0
2026-03-05 13:25:57.660000+00:00,0.0,10.468,0.05,28.5,-15.939,233.9,49.94,7.0,1,0,0.0,6.937,13.0
2026-03-05 13:26:02.660000+00:00,0.0,10.383,0.05,28.5,-9.717,233.7,49.95,7.0,1,0,0.0,9.802,13.0
2026-03-05 13:26:07.660000+00:00,0.0,12.251,0.05,28.5,-7.521,233.9,49.94,7.0,1,0,0.0,9.791,13.0
2026-03-05 13:26:12.660000+00:00,0.0,19.879,0.05,28.5,-4.105,233.8,49.95,7.0,1,0,0.0,21.173,13.0
2026-03-05 13:26:17.660000+00:00,0.0,19.822,0.05,28.5,-6.249,233.7,49.95,7.0,1,0,0.0,18.864,13.0
2026-03-05 13:26:22.660000+00:00,0.0,6.944,0.05,28.5,-13.671,233.8,49.95,7.0,1,0,0.0,18.904,13.0
2026-03-05 13:26:27.660000+00:00,0.0,9.087,0.0516,28.5,-10.233,233.8,49.95,7.0,1,0,0.0,23.78,13.0
2026-03-05 13:26:32.660000+00:00,0.0,9.088,0.0536,28.5,-10.196,233.7,49.95,7.0,1,0,0.0,23.711,13.0
2026-03-05 13:26:37.660000+00:00,0.0,14.983,0.0561,28.5,-5.633,233.7,49.96,7.0,1,0,0.0,9.293,13.0
2026-03-05 13:26:42.660000+00:00,0.0,8.597,0.0588,28.5,-6.627,233.7,49.95,7.0,1,0,0.0,6.934,13.0
2026-03-05 13:26:47.660000+00:00,0.0,17.897,0.0604,28.5,0.166,233.8,49.95,7.0,1,0,0.0,6.936,13.0
2026-03-05 13:26:52.660000+00:00,0.0,18.043,0.0593,28.5,-3.652,233.7,49.94,7.0,1,0,0.0,18.535,13.0
2026-03-05 13:26:57.660000+00:00,0.0,6.937,0.056,28.5,-24.411,233.8,49.94,7.0,1,0,0.0,21.863,13.0
2026-03-05 13:27:02.660000+00:00,0.0,9.802,0.0594,28.5,-8.967,233.6,49.94,7.0,1,0,0.0,21.791,13.0
2026-03-05 13:27:07.660000+00:00,0.0,9.791,0.062,28.5,-8.739,233.7,49.94,7.0,1,0,0.0,14.338,13.0
2026-03-05 13:27:12.660000+00:00,0.0,21.173,0.0644,28.5,2.121,233.7,49.94,7.0,1,0,0.0,15.821,13.0
2026-03-05 13:27:17.660000+00:00,0.0,18.864,0.0638,28.5,-0.181,233.7,49.95,7.0,1,0,0.0,15.785,13.0
2026-03-05 13:27:22.660000+00:00,0.0,18.904,0.0638,28.5,-4.913,233.7,49.95,7.0,1,0,0.0,14.727,13.0
2026-03-05 13:27:27.660000+00:00,0.0,23.78,0.0576,28.5,3.243,233.6,49.95,7.0,1,0,0.0,15.011,13.0
2026-03-05 13:27:32.660000+00:00,0.0,23.711,0.0553,28.5,3.159,233.7,49.95,7.0,1,0,0.0,14.971,13.0
2026-03-05 13:27:37.660000+00:00,0.0,9.293,0.055,28.5,-11.689,233.7,49.94,7.0,1,0,0.0,14.32,13.0
2026-03-05 13:27:42.660000+00:00,0.0,6.934,0.0565,28.5,-3.886,233.7,49.94,7.0,1,0,0.0,13.582,13.0
2026-03-05 13:27:47.660000+00:00,0.0,6.936,0.0575,28.5,-6.351,233.7,49.93,7.0,1,0,0.0,16.133,13.0
2026-03-05 13:27:52.660000+00:00,0.0,18.535,0.0549,28.5,-0.431,233.7,49.94,7.0,1,0,0.0,18.277,13.0
2026-03-05 13:27:57.660000+00:00,0.0,21.863,0.0519,28.5,2.911,233.7,49.94,7.0,1,0,0.0,9.268,13.0
2026-03-05 13:28:02.660000+00:00,0.0,21.791,0.05,28.5,2.798,233.6,49.94,7.0,1,0,0.0,13.968,13.0
2026-03-05 13:28:07.660000+00:00,0.0,14.338,0.05,28.5,-3.909,233.7,49.94,7.0,1,0,0.0,14.474,13.0
2026-03-05 13:28:12.660000+00:00,0.0,15.821,0.05,28.5,-2.59,233.8,49.94,7.0,1,0,0.0,18.145,13.0
2026-03-05 13:28:17.660000+00:00,0.0,15.785,0.05,28.5,-2.6,233.8,49.93,7.0,1,0,0.0,16.485,13.0
2026-03-05 13:28:22.660000+00:00,0.0,14.727,0.05,28.5,-3.551,233.8,49.93,7.0,1,0,0.0,16.421,13.0
2026-03-05 13:28:27.660000+00:00,0.0,15.011,0.05,28.5,-11.543,233.7,49.93,7.0,1,0,0.0,14.274,13.0
2026-03-05 13:28:32.660000+00:00,0.0,14.971,0.05,28.5,-10.618,233.7,49.94,7.0,1,0,0.0,13.29,13.0
2026-03-05 13:28:37.660000+00:00,0.0,14.32,0.05,28.5,-5.494,233.7,49.94,7.0,1,0,0.0,13.254,13.0
2026-03-05 13:28:42.660000+00:00,0.0,13.582,0.05,28.5,-7.716,233.7,49.95,7.0,1,0,0.0,15.553,13.0
2026-03-05 13:28:47.660000+00:00,0.0,16.133,0.05,28.5,-6.46,233.6,49.95,7.0,1,0,0.0,15.523,13.0
2026-03-05 13:28:52.660000+00:00,0.0,18.277,0.05,28.5,-3.963,233.6,49.95,7.0,1,0,0.0,9.568,13.0
2026-03-05 13:28:57.660000+00:00,0.0,9.268,0.05,28.5,-7.782,233.7,49.96,7.0,1,0,0.0,8.813,13.0
2026-03-05 13:29:02.660000+00:00,0.0,13.968,0.05,28.5,-2.512,233.6,49.96,7.0,1,0,0.0,8.817,13.0
2026-03-05 13:29:07.660000+00:00,0.0,14.474,0.05,28.5,-3.27,233.7,49.96,7.0,1,0,0.0,12.624,13.0
2026-03-05 13:29:12.660000+00:00,0.0,18.145,0.05,28.5,-0.847,233.7,49.96,7.0,1,0,0.0,7.069,13.0
2026-03-05 13:29:17.660000+00:00,0.0,16.485,0.05,28.5,-2.137,233.7,49.96,7.0,1,0,0.0,7.056,13.0
2026-03-05 13:29:22.660000+00:00,0.0,16.421,0.05,28.5,-2.236,233.6,49.96,7.0,1,0,0.0,14.104,13.0
2026-03-05 13:29:27.660000+00:00,0.0,14.274,0.05,28.5,-3.595,233.7,49.96,7.0,1,0,0.0,18.62,13.0
2026-03-05 13:29:32.660000+00:00,0.0,13.29,0.05,28.5,2.659,233.8,49.97,7.0,1,0,0.0,18.593,13.0
2026-03-05 13:29:37.660000+00:00,0.0,13.254,0.05,28.5,2.697,233.7,49.97,7.0,1,0,0.0,12.548,13.0
2026-03-05 13:29:42.660000+00:00,0.0,15.553,0.05,28.5,5.869,233.7,49.96,7.0,1,0,0.0,4.694,13.0
2026-03-05 13:29:47.660000+00:00,0.0,15.523,0.05,28.5,5.815,233.6,49.96,7.0,1,0,0.0,4.691,13.0
2026-03-05 13:29:52.660000+00:00,0.0,9.568,0.05,28.5,0.564,233.8,49.96,7.0,1,0,0.0,18.706,13.0
2026-03-05 13:29:57.660000+00:00,0.0,8.813,0.05,28.5,-0.504,233.7,49.96,7.0,1,0,0.0,15.748,13.0
2026-03-05 13:30:02.660000+00:00,0.0,8.817,0.05,28.5,-0.49,233.8,49.96,7.0,1,0,0.0,16.716,13.0
2026-03-05 13:30:07.660000+00:00,0.0,12.624,0.05,28.5,3.034,233.8,49.97,7.0,1,0,0.0,16.637,13.0
2026-03-05 13:30:12.660000+00:00,0.0,7.069,0.05,28.5,-2.781,233.8,49.98,7.0,1,0,0.0,16.217,13.0
2026-03-05 13:30:17.660000+00:00,0.0,7.056,0.05,28.5,-2.831,233.8,49.98,7.0,1,0,0.0,20.055,13.0
2026-03-05 13:30:22.660000+00:00,0.0,14.104,0.05,28.5,3.729,233.9,49.98,7.0,1,0,0.0,19.991,13.0
2026-03-05 13:30:27.660000+00:00,0.0,18.62,0.05,28.5,7.768,233.8,49.98,7.0,1,0,0.0,17.032,13.0
2026-03-05 13:30:32.660000+00:00,0.0,18.593,0.05,28.5,7.689,233.8,49.98,7.0,1,0,0.0,8.159,13.0
2026-03-05 13:30:37.660000+00:00,0.0,12.548,0.05,28.5,1.918,234.0,49.98,7.0,1,0,0.0,8.126,13.0
2026-03-05 13:30:42.660000+00:00,0.0,4.694,0.05,28.5,-6.321,233.8,49.98,7.0,1,0,0.0,14.201,13.0
2026-03-05 13:30:47.660000+00:00,0.0,4.691,0.05,28.5,-6.317,233.8,49.98,7.0,1,0,0.0,13.127,13.0
2026-03-05 13:30:52.660000+00:00,0.0,18.706,0.05,28.5,6.349,233.9,49.98,7.0,1,0,0.0,13.107,13.0
2026-03-05 13:30:57.660000+00:00,0.0,15.748,0.05,28.5,1.434,233.8,49.97,7.0,1,0,0.0,12.588,13.0
2026-03-05 13:31:02.660000+00:00,0.0,16.716,0.05,28.5,2.393,233.8,49.97,7.0,1,0,0.0,12.571,13.0
2026-03-05 13:31:07.660000+00:00,0.0,16.637,0.05,28.5,2.446,233.8,49.98,7.0,1,0,0.0,17.868,13.0
2026-03-05 13:31:12.660000+00:00,0.0,16.217,0.05,28.5,2.052,233.7,49.98,7.0,1,0,0.0,14.54,13.0
2026-03-05 13:31:17.660000+00:00,0.0,20.055,0.05,28.5,5.245,233.7,49.98,7.0,1,0,0.0,14.529,13.0
2026-03-05 13:31:22.660000+00:00,0.0,19.991,0.05,28.5,5.342,233.7,49.98,7.0,1,0,0.0,11.986,13.0
2026-03-05 13:31:27.660000+00:00,0.0,17.032,0.05,28.5,0.103,233.8,49.98,7.0,1,0,0.0,11.492,13.0
2026-03-05 13:31:32.660000+00:00,0.0,8.159,0.05,28.5,-16.942,233.6,49.98,7.0,1,0,0.0,11.483,13.0
2026-03-05 13:31:37.660000+00:00,0.0,8.126,0.05,28.5,-11.393,233.6,49.98,7.0,1,0,0.0,13.686,13.0
2026-03-05 13:31:42.660000+00:00,0.0,14.201,0.05,28.5,4.879,233.6,49.98,7.0,1,0,0.0,18.441,13.0
2026-03-05 13:31:47.660000+00:00,0.0,13.127,0.05,28.5,-1.278,233.7,49.97,7.0,1,0,0.0,18.373,13.0
2026-03-05 13:31:52.660000+00:00,0.0,13.107,0.05,28.5,-1.422,233.7,49.97,7.0,1,0,0.0,14.033,13.0
2026-03-05 13:31:57.660000+00:00,0.0,12.588,0.05,28.5,-1.064,233.7,49.97,7.0,1,0,0.0,16.025,13.0
2026-03-05 13:32:02.660000+00:00,0.0,12.571,0.05,28.5,-1.128,233.7,49.97,7.0,1,0,0.0,15.999,13.0
2026-03-05 13:32:07.660000+00:00,0.0,17.868,0.05,28.5,6.085,233.7,49.98,7.0,1,0,0.0,13.023,13.0
2026-03-05 13:32:12.660000+00:00,0.0,14.54,0.05,28.5,3.227,233.7,49.98,7.0,1,0,0.0,23.052,13.0
2026-03-05 13:32:17.660000+00:00,0.0,14.529,0.05,28.5,3.217,233.8,49.97,7.0,1,0,0.0,11.475,13.0
2026-03-05 13:32:22.660000+00:00,0.0,11.986,0.05,28.5,0.307,233.9,49.97,7.0,1,0,0.0,11.048,13.0
2026-03-05 13:32:27.660000+00:00,0.0,11.492,0.05,28.5,-1.489,233.9,49.97,7.0,1,0,0.0,14.104,13.0
2026-03-05 13:32:32.660000+00:00,0.0,11.483,0.05,28.5,-1.464,234.0,49.97,7.0,1,0,0.0,17.691,13.0
2026-03-05 13:32:37.660000+00:00,0.0,13.686,0.05,28.5,1.59,233.9,49.97,7.0,1,0,0.0,17.617,13.0
2026-03-05 13:32:42.660000+00:00,0.0,18.441,0.05,28.5,6.673,233.8,49.96,7.0,1,0,0.0,9.116,13.0
2026-03-05 13:32:47.660000+00:00,0.0,18.373,0.05,28.5,6.666,233.9,49.96,7.0,1,0,0.0,13.186,13.0
2026-03-05 13:32:52.660000+00:00,0.0,14.033,0.05,28.5,2.881,233.9,49.97,7.0,1,0,0.0,13.209,13.0
2026-03-05 13:32:57.660000+00:00,0.0,16.025,0.05,28.5,4.5,233.8,49.97,7.0,1,0,0.0,22.963,13.0
2026-03-05 13:33:02.660000+00:00,0.0,15.999,0.05,28.5,4.5,233.8,49.97,7.0,1,0,0.0,17.162,13.0
2026-03-05 13:33:07.660000+00:00,0.0,13.023,0.05,28.5,0.364,233.8,49.97,7.0,1,0,0.0,17.153,13.0
2026-03-05 13:33:12.660000+00:00,0.0,23.052,0.05,28.5,9.568,233.7,49.97,7.0,1,0,0.0,14.619,13.0
2026-03-05 13:33:17.660000+00:00,0.0,11.475,0.05,28.5,9.49,233.7,49.97,7.0,1,0,0.0,14.593,13.0
2026-03-05 13:33:22.660000+00:00,0.0,11.048,0.05,28.5,-2.558,233.8,49.97,7.0,1,0,0.0,13.536,13.0
2026-03-05 13:33:27.660000+00:00,0.0,14.104,0.05,28.5,-1.772,233.8,49.97,7.0,1,0,0.0,18.811,13.0
2026-03-05 13:33:32.660000+00:00,0.0,17.691,0.05,28.5,0.739,233.8,49.97,7.0,1,0,0.0,18.763,13.0
2026-03-05 13:33:37.660000+00:00,0.0,17.617,0.05,28.5,0.62,233.7,49.97,7.0,1,0,0.0,15.357,13.0
2026-03-05 13:33:42.660000+00:00,0.0,9.116,0.05,28.5,-8.076,233.8,49.98,7.0,1,0,0.0,19.117,13.0
2026-03-05 13:33:47.660000+00:00,0.0,13.186,0.05,28.5,-1.478,233.7,49.97,7.0,1,0,0.0,19.118,13.0
2026-03-05 13:33:52.660000+00:00,0.0,13.209,0.05,28.5,-2.929,233.7,49.97,7.0,1,0,0.0,11.336,13.0
2026-03-05 13:33:57.660000+00:00,0.0,22.963,0.05,28.5,7.776,233.7,49.97,7.0,1,0,0.0,8.441,13.0
2026-03-05 13:34:02.660000+00:00,0.0,17.162,0.05,28.5,4.077,233.8,49.98,7.0,1,0,0.0,8.757,13.0
2026-03-05 13:34:07.660000+00:00,0.0,17.153,0.05,28.5,4.125,233.8,49.98,7.0,1,0,0.0,15.891,13.0
2026-03-05 13:34:12.660000+00:00,0.0,14.619,0.05,28.5,1.97,233.9,49.98,7.0,1,0,0.0,14.364,13.0
2026-03-05 13:34:17.660000+00:00,0.0,14.593,0.05,28.5,1.941,233.9,49.98,7.0,1,0,0.0,19.587,13.0
2026-03-05 13:34:22.660000+00:00,0.0,13.536,0.05,28.5,1.794,233.8,49.98,7.0,1,0,0.0,19.045,13.0
2026-03-05 13:34:27.660000+00:00,0.0,18.811,0.05,28.5,9.034,233.8,49.97,7.0,1,0,0.0,14.236,13.0
2026-03-05 13:34:32.660000+00:00,0.0,18.763,0.05,28.5,8.96,233.8,49.97,7.0,1,0,0.0,5.829,13.0
2026-03-05 13:34:37.660000+00:00,0.0,15.357,0.05,28.5,7.012,233.8,49.97,7.0,1,0,0.0,5.837,13.0
2026-03-05 13:34:42.660000+00:00,0.0,19.117,0.05,28.5,11.227,233.6,49.97,7.0,1,0,0.0,7.902,13.0
2026-03-05 13:34:47.660000+00:00,0.0,19.118,0.05,28.5,11.265,233.7,49.97,7.0,1,0,0.0,13.93,13.0
2026-03-05 13:34:52.660000+00:00,0.0,11.336,0.05,28.5,3.369,233.6,49.97,7.0,1,0,0.0,13.913,13.0
2026-03-05 13:34:57.660000+00:00,0.0,8.441,0.05,28.5,0.635,233.7,49.97,7.0,1,0,0.0,10.996,13.0
2026-03-05 13:35:02.660000+00:00,0.0,8.757,0.05,28.5,0.63,233.7,49.98,7.0,1,0,0.0,17.443,13.0
2026-03-05 13:35:07.660000+00:00,0.0,15.891,0.05,28.5,8.099,233.7,49.98,7.0,1,0,0.0,17.382,13.0
2026-03-05 13:35:12.660000+00:00,0.0,14.364,0.05,28.5,7.114,233.7,49.98,7.0,1,0,0.0,22.539,13.0
2026-03-05 13:35:17.660000+00:00,0.0,19.587,0.05,28.5,7.055,233.7,49.98,7.0,1,0,0.0,12.093,13.0
2026-03-05 13:35:22.660000+00:00,0.0,19.045,0.05,28.5,12.499,233.6,49.97,7.0,1,0,0.0,12.093,13.0
2026-03-05 13:35:27.660000+00:00,0.0,14.236,0.05,28.5,8.589,233.7,49.97,7.0,1,0,0.0,13.539,13.0
2026-03-05 13:35:32.660000+00:00,0.0,5.829,0.05,28.5,8.601,233.8,49.97,7.0,1,0,0.0,14.986,13.0
2026-03-05 13:35:37.660000+00:00,0.0,5.837,0.05,28.5,0.496,233.9,49.97,7.0,1,0,0.0,14.975,13.0
2026-03-05 13:35:42.660000+00:00,0.0,7.902,0.05,28.5,2.191,233.9,49.98,7.0,1,0,0.0,14.959,13.0
2026-03-05 13:35:47.660000+00:00,0.0,13.93,0.05,28.5,7.039,233.7,49.98,7.0,1,0,0.0,14.963,13.0
2026-03-05 13:35:52.660000+00:00,0.0,13.913,0.05,28.5,6.937,233.7,49.98,7.0,1,0,0.0,14.66,13.0
2026-03-05 13:35:57.660000+00:00,0.0,10.996,0.05,28.5,2.377,233.7,49.98,7.0,1,0,0.0,18.463,13.0
2026-03-05 13:36:02.660000+00:00,0.0,17.443,0.05,28.5,6.064,233.7,49.98,7.0,1,0,0.0,18.401,13.0
2026-03-05 13:36:07.660000+00:00,0.0,17.382,0.05,28.5,6.136,233.7,49.98,7.0,1,0,0.0,10.612,13.0
2026-03-05 13:36:12.660000+00:00,0.0,22.539,0.05,28.5,10.11,233.7,49.98,7.0,1,0,0.0,12.094,13.0
2026-03-05 13:36:17.660000+00:00,0.0,12.093,0.05,28.5,0.088,233.8,49.98,7.0,1,0,0.0,12.091,13.0
2026-03-05 13:36:22.660000+00:00,0.0,12.093,0.05,28.5,0.088,233.8,49.98,7.0,1,0,0.0,13.009,13.0
2026-03-05 13:36:27.660000+00:00,0.0,13.539,0.05,28.5,2.022,233.7,49.98,7.0,1,0,0.0,16.444,13.0
2026-03-05 13:36:32.660000+00:00,0.0,14.986,0.05,28.5,3.845,233.7,49.98,7.0,1,0,0.0,16.453,13.0
2026-03-05 13:36:37.660000+00:00,0.0,14.975,0.05,28.5,3.868,233.8,49.98,7.0,1,0,0.0,12.435,13.0
2026-03-05 13:36:42.660000+00:00,0.0,14.959,0.05,28.5,4.254,233.8,49.98,7.0,1,0,0.0,14.429,13.0
2026-03-05 13:36:47.660000+00:00,0.0,14.963,0.05,28.5,4.254,233.9,49.98,7.0,1,0,0.0,12.169,13.0
2026-03-05 13:36:52.660000+00:00,0.0,14.66,0.05,28.5,4.194,233.8,49.97,7.0,1,0,0.0,12.9,13.0
2026-03-05 13:36:57.660000+00:00,0.0,18.463,0.05,28.5,8.227,233.7,49.97,7.0,1,0,0.0,23.562,13.0
2026-03-05 13:37:02.660000+00:00,0.0,18.401,0.05,28.5,8.125,233.8,49.97,7.0,1,0,0.0,12.869,13.0
2026-03-05 13:37:07.660000+00:00,0.0,10.612,0.05,28.5,0.509,233.8,49.97,7.0,1,0,0.0,12.865,13.0
2026-03-05 13:37:12.660000+00:00,0.0,12.094,0.05,28.5,2.106,233.7,49.97,7.0,1,0,0.0,12.356,13.0
2026-03-05 13:37:17.660000+00:00,0.0,12.091,0.05,28.5,2.103,233.7,49.97,7.0,1,0,0.0,12.064,13.0
2026-03-05 13:37:22.660000+00:00,0.0,13.009,0.05,28.5,3.38,233.6,49.97,7.0,1,0,0.0,12.074,13.0
2026-03-05 13:37:27.660000+00:00,0.0,16.444,0.05,28.5,6.746,233.6,49.97,7.0,1,0,0.0,15.356,13.0
2026-03-05 13:37:32.660000+00:00,0.0,16.453,0.05,28.5,6.753,233.7,49.97,7.0,1,0,0.0,7.851,13.0
2026-03-05 13:37:37.660000+00:00,0.0,12.435,0.05,28.5,2.615,233.8,49.98,7.0,1,0,0.0,7.848,13.0
2026-03-05 13:37:42.660000+00:00,0.0,14.429,0.05,28.5,3.932,233.7,49.99,7.0,1,0,0.0,11.08,13.0
2026-03-05 13:37:47.660000+00:00,0.0,12.169,0.05,28.5,3.391,233.6,49.99,7.0,1,0,0.0,11.09,13.0
2026-03-05 13:37:52.660000+00:00,0.0,12.9,0.05,28.5,1.753,233.7,49.99,7.0,1,0,0.0,13.51,13.0
2026-03-05 13:37:57.660000+00:00,0.0,23.562,0.05,28.5,1.709,233.8,49.99,7.0,1,0,0.0,16.037,13.0
2026-03-05 13:38:02.660000+00:00,0.0,12.869,0.05,28.5,2.223,233.8,49.97,7.0,1,0,0.0,16.034,13.0
2026-03-05 13:38:07.660000+00:00,0.0,12.865,0.05,28.5,2.282,233.9,49.97,7.0,1,0,0.0,17.57,13.0
2026-03-05 13:38:12.660000+00:00,0.0,12.356,0.05,28.5,2.063,233.8,49.97,7.0,1,0,0.0,17.783,13.0
2026-03-05 13:38:17.660000+00:00,0.0,12.064,0.05,28.5,2.272,233.8,49.97,7.0,1,0,0.0,17.718,13.0
2026-03-05 13:38:22.660000+00:00,0.0,12.074,0.05,28.5,2.331,233.9,49.97,7.0,1,0,0.0,20.646,13.0
2026-03-05 13:38:27.660000+00:00,0.0,15.356,0.05,28.5,5.982,233.8,49.97,7.0,1,0,0.0,13.257,13.0
2026-03-05 13:38:32.660000+00:00,0.0,7.851,0.05,28.5,-1.2,233.9,49.97,7.0,1,0,0.0,13.264,13.0
2026-03-05 13:38:37.660000+00:00,0.0,7.848,0.05,28.5,-1.212,233.8,49.97,7.0,1,0,0.0,14.664,13.0
2026-03-05 13:38:42.660000+00:00,0.0,11.08,0.05,28.5,1.137,233.7,49.97,7.0,1,0,0.0,16.083,13.0
2026-03-05 13:38:47.660000+00:00,0.0,11.09,0.05,28.5,1.197,233.9,49.96,7.0,1,0,0.0,14.091,13.0
2026-03-05 13:38:52.660000+00:00,0.0,13.51,0.05,28.5,2.592,233.9,49.96,7.0,1,0,0.0,14.066,13.0
2026-03-05 13:38:57.660000+00:00,0.0,16.037,0.05,28.5,3.421,233.9,49.96,7.0,1,0,0.0,10.469,13.0
2026-03-05 13:39:02.660000+00:00,0.0,16.034,0.05,28.5,3.446,234.0,49.96,7.0,1,0,0.0,12.649,13.0
2026-03-05 13:39:07.660000+00:00,0.0,17.57,0.05,28.5,3.172,233.8,49.95,7.0,1,0,0.0,12.653,13.0
2026-03-05 13:39:12.660000+00:00,0.0,17.783,0.05,28.5,3.845,233.8,49.95,7.0,1,0,0.0,14.059,13.0
2026-03-05 13:39:17.660000+00:00,0.0,17.718,0.05,28.5,3.887,233.9,49.95,7.0,1,0,0.0,15.582,13.0
2026-03-05 13:39:22.660000+00:00,0.0,20.646,0.05,28.5,4.568,233.8,49.96,7.0,1,0,0.0,15.567,13.0
2026-03-05 13:39:27.660000+00:00,0.0,13.257,0.05,28.5,-4.279,233.8,49.96,7.0,1,0,0.0,15.54,13.0
2026-03-05 13:39:32.660000+00:00,0.0,13.264,0.05,28.5,-4.283,233.9,49.95,7.0,1,0,0.0,11.075,13.0
2026-03-05 13:39:37.660000+00:00,0.0,14.664,0.05,28.5,-0.069,233.9,49.95,7.0,1,0,0.0,11.062,13.0
2026-03-05 13:39:42.660000+00:00,0.0,16.083,0.05,28.5,1.62,233.8,49.96,7.0,1,0,0.0,16.55,13.0
2026-03-05 13:39:47.660000+00:00,0.0,14.091,0.05,28.5,-0.644,233.9,49.96,7.0,1,0,0.0,16.546,13.0
2026-03-05 13:39:52.660000+00:00,0.0,14.066,0.05,28.5,-1.903,233.9,49.96,7.0,1,0,0.0,16.433,13.0
2026-03-05 13:39:57.660000+00:00,0.0,10.469,0.05,28.5,-3.833,233.8,49.97,7.0,1,0,0.0,9.96,13.0
2026-03-05 13:40:02.660000+00:00,0.0,12.649,0.05,28.5,-0.8,233.8,49.96,7.0,1,0,0.0,9.952,13.0
2026-03-05 13:40:07.660000+00:00,0.0,12.653,0.05,28.5,-0.825,233.9,49.96,7.0,1,0,0.0,12.474,13.0
2026-03-05 13:40:12.660000+00:00,0.0,14.059,0.05,28.5,1.031,233.8,49.96,7.0,1,0,0.0,17.729,13.0
2026-03-05 13:40:17.660000+00:00,0.0,15.582,0.05,28.5,2.54,233.8,49.96,7.0,1,0,0.0,17.642,13.0
2026-03-05 13:40:22.660000+00:00,0.0,15.567,0.05,28.5,2.517,233.8,49.96,7.0,1,0,0.0,12.958,13.0
2026-03-05 13:40:27.660000+00:00,0.0,15.54,0.05,28.5,2.797,233.8,49.96,7.0,1,0,0.0,15.447,13.0
2026-03-05 13:40:32.660000+00:00,0.0,11.075,0.05,28.5,-0.812,233.8,49.96,7.0,1,0,0.0,15.435,13.0
2026-03-05 13:40:37.660000+00:00,0.0,11.062,0.05,28.5,-0.802,233.7,49.96,7.0,1,0,0.0,10.044,13.0
2026-03-05 13:40:42.660000+00:00,0.0,16.55,0.05,28.5,3.974,233.9,49.96,7.0,1,0,0.0,14.886,13.0
2026-03-05 13:40:47.660000+00:00,0.0,16.546,0.05,28.5,4.006,233.9,49.96,7.0,1,0,0.0,14.869,13.0
2026-03-05 13:40:52.660000+00:00,0.0,16.433,0.05,28.5,4.815,233.7,49.97,7.0,1,0,0.0,19.981,13.0
2026-03-05 13:40:57.660000+00:00,0.0,9.96,0.05,28.5,-1.09,233.8,49.97,7.0,1,0,0.0,13.312,13.0
2026-03-05 13:41:02.660000+00:00,0.0,9.952,0.05,28.5,-1.159,233.7,49.97,7.0,1,0,0.0,13.295,13.0
2026-03-05 13:41:07.660000+00:00,0.0,12.474,0.05,28.5,0.357,233.8,49.97,7.0,1,0,0.0,17.237,13.0
2026-03-05 13:41:12.660000+00:00,0.0,17.729,0.05,28.5,6.223,233.7,49.97,7.0,1,0,0.0,14.662,13.0
2026-03-05 13:41:17.660000+00:00,0.0,17.642,0.05,28.5,6.115,233.8,49.98,7.0,1,0,0.0,14.015,13.0
2026-03-05 13:41:22.660000+00:00,0.0,12.958,0.05,28.5,2.707,233.9,49.97,7.0,1,0,0.0,16.747,13.0
2026-03-05 13:41:27.660000+00:00,0.0,15.447,0.05,28.5,4.111,233.9,49.97,7.0,1,0,0.0,12.274,13.0
2026-03-05 13:41:32.660000+00:00,0.0,15.435,0.05,28.5,4.134,233.8,49.97,7.0,1,0,0.0,15.822,13.0
2026-03-05 13:41:37.660000+00:00,0.0,10.044,0.05,28.5,1.06,233.9,49.97,7.0,1,0,0.0,17.257,13.0
2026-03-05 13:41:42.660000+00:00,0.0,14.886,0.05,28.5,7.686,233.9,49.97,7.0,1,0,0.0,8.451,13.0
2026-03-05 13:41:47.660000+00:00,0.0,14.869,0.05,28.5,7.662,233.9,49.97,7.0,1,0,0.0,18.375,13.0
2026-03-05 13:41:52.660000+00:00,0.0,19.981,0.05,28.5,13.969,233.8,49.99,7.0,1,0,0.0,18.358,13.0
2026-03-05 13:41:57.660000+00:00,0.0,13.312,0.05,28.5,8.033,233.8,49.99,7.0,1,0,0.0,22.159,13.0
2026-03-05 13:42:02.660000+00:00,0.0,13.295,0.05,28.5,7.877,233.7,49.99,7.0,1,0,0.0,24.546,13.0
2026-03-05 13:42:07.660000+00:00,0.0,17.237,0.05,28.5,12.408,233.9,49.98,7.0,1,0,0.0,24.372,13.0
2026-03-05 13:42:12.660000+00:00,0.0,14.662,0.05,28.5,9.932,233.9,49.97,7.0,1,0,0.0,14.879,13.0
2026-03-05 13:42:17.660000+00:00,0.0,14.015,0.05,28.5,9.823,233.8,49.97,7.0,1,0,0.0,16.159,13.0
2026-03-05 13:42:22.660000+00:00,0.0,16.747,0.05,28.5,11.455,233.9,49.97,7.0,1,0,0.0,16.117,13.0
2026-03-05 13:42:27.660000+00:00,0.0,12.274,0.05,28.5,5.925,234.0,49.96,7.0,1,0,0.0,14.637,13.0
2026-03-05 13:42:32.660000+00:00,0.0,15.822,0.05,28.5,5.941,233.9,49.96,7.0,1,0,0.0,11.667,13.0
2026-03-05 13:42:37.660000+00:00,0.0,17.257,0.05,28.5,9.738,233.9,49.96,7.0,1,0,0.0,11.65,13.0
2026-03-05 13:42:42.660000+00:00,0.0,8.451,0.05,28.5,-0.078,233.9,49.96,7.0,1,0,0.0,20.945,13.0
2026-03-05 13:42:47.660000+00:00,0.0,18.375,0.05,28.5,8.716,233.8,49.96,7.0,1,0,0.0,20.868,13.0
2026-03-05 13:42:52.660000+00:00,0.0,18.358,0.05,28.5,8.779,233.8,49.96,7.0,1,0,0.0,12.557,13.0
2026-03-05 13:42:57.660000+00:00,0.0,22.159,0.05,28.5,12.049,233.9,49.96,7.0,1,0,0.0,9.633,13.0
2026-03-05 13:43:02.660000+00:00,0.0,24.546,0.05,28.5,13.996,233.9,49.96,7.0,1,0,0.0,9.643,13.0
2026-03-05 13:43:07.660000+00:00,0.0,24.372,0.05,28.5,13.886,233.9,49.96,7.0,1,0,0.0,14.404,13.0
2026-03-05 13:43:12.660000+00:00,0.0,14.879,0.05,28.5,4.069,233.8,49.96,7.0,1,0,0.0,13.247,13.0
2026-03-05 13:43:17.660000+00:00,0.0,16.159,0.05,28.5,4.517,233.9,49.97,7.0,1,0,0.0,13.263,13.0
2026-03-05 13:43:22.660000+00:00,0.0,16.117,0.05,28.5,4.422,233.8,49.97,7.0,1,0,0.0,12.573,13.0
2026-03-05 13:43:27.660000+00:00,0.0,14.637,0.05,28.5,2.643,233.9,49.97,7.0,1,0,0.0,9.59,13.0
2026-03-05 13:43:32.660000+00:00,0.0,11.667,0.05,28.5,0.114,234.0,49.96,7.0,1,0,0.0,9.579,13.0
2026-03-05 13:43:37.660000+00:00,0.0,11.65,0.05,28.5,0.066,233.9,49.96,7.0,1,0,0.0,11.609,13.0
2026-03-05 13:43:42.660000+00:00,0.0,20.945,0.05,28.5,9.864,233.8,49.97,7.0,1,0,0.0,16.598,13.0
2026-03-05 13:43:47.660000+00:00,0.0,20.868,0.05,28.5,9.823,233.8,49.97,7.0,1,0,0.0,9.745,13.0
2026-03-05 13:43:52.660000+00:00,0.0,12.557,0.05,28.5,1.948,233.9,49.97,7.0,1,0,0.0,9.604,13.0
2026-03-05 13:43:57.660000+00:00,0.0,9.633,0.05,28.5,-3.106,233.9,49.97,7.0,1,0,0.0,18.15,13.0
2026-03-05 13:44:02.660000+00:00,0.0,9.643,0.05,28.5,-3.076,234.1,49.97,7.0,1,0,0.0,16.124,13.0
2026-03-05 13:44:07.660000+00:00,0.0,14.404,0.05,28.5,-10.431,234.0,49.97,7.0,1,0,0.0,16.086,13.0
2026-03-05 13:44:12.660000+00:00,0.0,13.247,0.05,28.5,-1.279,233.9,49.96,7.0,1,0,0.0,14.032,13.0
2026-03-05 13:44:17.660000+00:00,0.0,13.263,0.05,28.5,-1.825,234.0,49.96,7.0,1,0,0.0,17.972,13.0
2026-03-05 13:44:22.660000+00:00,0.0,12.573,0.05,28.5,0.715,234.0,49.95,7.0,1,0,0.0,17.903,13.0
2026-03-05 13:44:27.660000+00:00,0.0,9.59,0.05,28.5,-1.634,234.0,49.96,7.0,1,0,0.0,14.429,13.0
2026-03-05 13:44:32.660000+00:00,0.0,9.579,0.05,28.5,-1.635,234.0,49.96,7.0,1,0,0.0,14.323,13.0
2026-03-05 13:44:37.660000+00:00,0.0,11.609,0.05,28.5,-0.308,234.1,49.95,7.0,1,0,0.0,14.316,13.0
2026-03-05 13:44:42.660000+00:00,0.0,16.598,0.05,28.5,5.053,233.8,49.96,7.0,1,0,0.0,8.447,13.0
2026-03-05 13:44:47.660000+00:00,0.0,9.745,0.05,28.5,4.725,234.0,49.96,7.0,1,0,0.0,11.068,13.0
2026-03-05 13:44:52.660000+00:00,0.0,9.604,0.05,28.5,-3.104,234.0,49.96,7.0,1,0,0.0,11.072,13.0
2026-03-05 13:44:57.660000+00:00,0.0,18.15,0.05,28.5,6.049,234.1,49.97,7.0,1,0,0.0,19.427,13.0
2026-03-05 13:45:02.660000+00:00,0.0,16.124,0.05,28.5,5.479,233.9,49.97,7.0,1,0,0.0,19.374,13.0
2026-03-05 13:45:07.660000+00:00,0.0,16.086,0.05,28.5,5.407,233.9,49.97,7.0,1,0,0.0,16.084,13.0
2026-03-05 13:45:12.660000+00:00,0.0,14.032,0.05,28.5,4.377,234.0,49.97,7.0,1,0,0.0,10.336,13.0
2026-03-05 13:45:17.660000+00:00,0.0,17.972,0.05,28.5,9.7,234.0,49.98,7.0,1,0,0.0,10.312,13.0
2026-03-05 13:45:22.660000+00:00,0.0,17.903,0.05,28.5,9.577,234.0,49.98,7.0,1,0,0.0,12.114,13.0
2026-03-05 13:45:27.660000+00:00,0.0,14.429,0.05,28.5,7.411,233.9,49.98,7.0,1,0,0.0,9.081,13.0
2026-03-05 13:45:32.660000+00:00,0.0,14.323,0.05,28.5,7.401,233.9,49.99,7.0,1,0,0.0,9.058,13.0
2026-03-05 13:45:37.660000+00:00,0.0,14.316,0.05,28.5,7.334,233.9,49.99,7.0,1,0,0.0,7.505,13.0
2026-03-05 13:45:42.660000+00:00,0.0,8.447,0.05,28.5,0.758,234.0,49.99,7.0,1,0,0.0,11.223,13.0
2026-03-05 13:45:47.660000+00:00,0.0,11.068,0.05,28.5,2.841,234.0,49.98,7.0,1,0,0.0,14.279,13.0
2026-03-05 13:45:52.660000+00:00,0.0,11.072,0.05,28.5,2.852,234.0,49.99,7.0,1,0,0.0,14.765,13.0
2026-03-05 13:45:57.660000+00:00,0.0,19.427,0.05,28.5,10.167,233.8,49.99,7.0,1,0,0.0,10.67,13.0
2026-03-05 13:46:02.660000+00:00,0.0,19.374,0.05,28.5,10.209,234.0,50.0,7.0,1,0,0.0,13.178,13.0
2026-03-05 13:46:07.660000+00:00,0.0,16.084,0.05,28.5,4.936,234.0,50.01,7.0,1,0,0.0,14.672,13.0
2026-03-05 13:46:12.660000+00:00,0.0,10.336,0.05,28.5,-2.628,234.0,50.01,7.0,1,0,0.0,6.438,13.0
2026-03-05 13:46:17.660000+00:00,0.0,10.312,0.05,28.5,-2.695,233.9,50.01,7.0,1,0,0.0,17.323,13.0
2026-03-05 13:46:22.660000+00:00,0.0,12.114,0.05,28.5,-2.25,234.0,50.01,7.0,1,0,0.0,17.213,13.0
2026-03-05 13:46:27.660000+00:00,0.0,9.081,0.05,28.5,-5.426,234.1,50.0,7.0,1,0,0.0,13.602,13.0
2026-03-05 13:46:32.660000+00:00,0.0,9.058,0.05,28.5,-5.533,233.8,50.0,7.0,1,0,0.0,9.0,13.0
2026-03-05 13:46:37.660000+00:00,0.0,7.505,0.05,28.5,-5.856,233.9,50.0,7.0,1,0,0.0,8.993,13.0
2026-03-05 13:46:42.660000+00:00,0.0,11.223,0.05,28.5,-3.327,234.0,49.99,7.0,1,0,0.0,8.523,13.0
2026-03-05 13:46:47.660000+00:00,0.0,14.279,0.05,28.5,-6.11,234.0,49.99,7.0,1,0,0.0,12.355,13.0
2026-03-05 13:46:52.660000+00:00,0.0,14.765,0.05,28.5,-3.577,234.0,49.99,7.0,1,0,0.0,12.332,13.0
2026-03-05 13:46:57.660000+00:00,0.0,10.67,0.05,28.5,-2.769,234.0,49.99,7.0,1,0,0.0,11.621,13.0
2026-03-05 13:47:02.660000+00:00,0.0,13.178,0.05,28.5,-1.57,233.9,50.0,7.0,1,0,0.0,19.978,13.0
2026-03-05 13:47:07.660000+00:00,0.0,14.672,0.05,28.5,1.729,234.0,50.0,7.0,1,0,0.0,19.918,13.0
2026-03-05 13:47:12.660000+00:00,0.0,6.438,0.05,28.5,-5.764,234.0,50.0,7.0,1,0,0.0,9.508,13.0
2026-03-05 13:47:17.660000+00:00,0.0,17.323,0.05,28.5,4.371,234.0,50.01,7.0,1,0,0.0,9.511,13.0
2026-03-05 13:47:22.660000+00:00,0.0,17.213,0.05,28.5,4.192,233.8,50.01,7.0,1,0,0.0,11.507,13.0
2026-03-05 13:47:27.660000+00:00,0.0,13.602,0.05,28.5,2.069,234.0,50.01,7.0,1,0,0.0,5.867,13.0
2026-03-05 13:47:32.660000+00:00,0.0,9.0,0.05,28.5,-1.556,234.0,50.0,7.0,1,0,0.0,5.867,13.0
2026-03-05 13:47:37.660000+00:00,0.0,8.993,0.05,28.5,-1.515,234.0,50.0,7.0,1,0,0.0,13.405,13.0
2026-03-05 13:47:42.660000+00:00,0.0,8.523,0.05,28.5,-1.719,234.1,50.01,7.0,1,0,0.0,18.388,13.0
2026-03-05 13:47:47.660000+00:00,0.0,12.355,0.05,28.5,1.464,233.9,50.01,7.0,1,0,0.0,18.322,13.0
2026-03-05 13:47:52.660000+00:00,0.0,12.332,0.05,28.5,1.469,234.0,50.01,7.0,1,0,0.0,8.768,13.0
2026-03-05 13:47:57.660000+00:00,0.0,11.621,0.05,28.5,-0.259,233.9,50.01,7.0,1,0,0.0,12.083,13.0
2026-03-05 13:48:02.660000+00:00,0.0,19.978,0.05,28.5,11.609,233.8,50.02,7.0,1,0,0.0,12.083,13.0
2026-03-05 13:48:07.660000+00:00,0.0,19.918,0.05,28.5,11.61,234.0,50.02,7.0,1,0,0.0,12.083,13.0
2026-03-05 13:48:12.660000+00:00,0.0,9.508,0.05,28.5,3.148,233.8,50.01,7.0,1,0,0.0,12.083,13.0
2026-03-05 13:48:17.660000+00:00,0.0,9.511,0.05,28.5,3.173,234.0,50.01,7.0,1,0,0.0,12.083,13.0
2026-03-05 13:48:22.660000+00:00,0.0,11.507,0.05,28.5,6.201,233.8,50.0,7.0,1,0,0.0,12.083,13.0
2026-03-05 13:48:27.660000+00:00,0.0,5.867,0.05,28.5,1.038,234.0,50.0,7.0,1,0,0.0,12.083,13.0
2026-03-05 13:48:32.660000+00:00,0.0,5.867,0.05,28.5,1.061,233.9,49.99,7.0,1,0,0.0,12.083,13.0
2026-03-05 13:48:37.660000+00:00,0.0,13.405,0.05,28.5,8.368,233.9,49.98,7.0,1,0,0.0,12.083,13.0
2026-03-05 13:48:42.660000+00:00,0.0,18.388,0.05,28.5,12.62,233.8,49.98,7.0,1,0,0.0,12.083,13.0
2026-03-05 13:48:47.660000+00:00,0.0,18.322,0.05,28.5,12.526,233.9,49.97,7.0,1,0,0.0,12.083,13.0
2026-03-05 13:48:52.660000+00:00,0.0,8.768,0.05,28.5,2.375,233.8,49.97,7.0,1,0,0.0,12.083,13.0
2026-03-05 13:48:57.660000+00:00,0.0,12.083,0.05,28.5,5.203,233.8,49.98,7.0,1,0,0.0,12.083,13.0
